{"RightHandJoint":{"X":0.330147982,"Y":0.128607169,"Z":1.59355164},"LeftHandJoint":{"X":0.0,"Y":0.0,"Z":0.0},"SpineBase":{"X":0.09554877,"Y":-0.3281028,"Z":1.65996885},"SpineMid":{"X":0.08880329,"Y":-0.0247093551,"Z":1.68204737},"SpineShoulder":{"X":0.0834787339,"Y":0.19565247,"Z":1.68997169},"ShoulderLeft":{"X":-0.055183623,"Y":0.154753387,"Z":1.68831038},"ShoulderRight":{"X":0.214357346,"Y":0.15251866,"Z":1.664481},"Neck":{"X":0.08159491,"Y":0.267014921,"Z":1.68949461},"Head":{"X":0.0795063,"Y":0.390253335,"Z":1.68814516},"KneeLeft":{"X":0.00764994975,"Y":-0.61296,"Z":1.58761239},"KneeRight":{"X":0.161314234,"Y":-0.6147077,"Z":1.57815778},"ElbowRight":{"X":0.283710718,"Y":-0.0062816767,"Z":1.7167114},"ElbowLeft":{"X":-0.103851758,"Y":-0.0312583223,"Z":1.70050251},"HipLeft":{"X":0.0315719657,"Y":-0.320708275,"Z":1.62931311},"HipRight":{"X":0.155526578,"Y":-0.3217595,"Z":1.62112057},"AnkleLeft":{"X":-0.219629332,"Y":-0.77795887,"Z":1.53807378},"AnkleRight":{"X":0.0897373259,"Y":-0.9702965,"Z":1.44379663},"WristLeft":{"X":-0.151157215,"Y":0.08470879,"Z":1.58995569},"WristRight":{"X":0.324908972,"Y":0.0602795221,"Z":1.567392},"hasReceived":false,"createdTime":"2016-08-09T21:03:58.4520609Z"}